Category,Total
ATSI,2693.215789
Non-ATSI,4192.773684
